<?xml version="1.0" encoding="UTF-8"?>
<project-private xmlns="http://www.netbeans.org/ns/project-private/1">
    <editor-bookmarks xmlns="http://www.netbeans.org/ns/editor-bookmarks/2" lastBookmarkId="0"/>
    <open-files xmlns="http://www.netbeans.org/ns/projectui-open-files/2">
        <group>
            <file>file:/Volumes/_KUSH_10/Progetto/Controller/src/controller/InterfacciaIniziale.java</file>
            <file>file:/Volumes/_KUSH_10/Progetto/Controller/src/controller/FioccoDiNeve.java</file>
            <file>file:/Volumes/_KUSH_10/Progetto/Controller/src/controller/KButton.java</file>
            <file>file:/Volumes/_KUSH_10/Progetto/Controller/src/controller/Triangolo.java</file>
            <file>file:/Volumes/_KUSH_10/Progetto/Controller/src/controller/Controller.java</file>
            <file>file:/Volumes/_KUSH_10/Progetto/Controller/src/controller/Poligono.java</file>
            <file>file:/Volumes/_KUSH_10/Progetto/Controller/src/controller/Punto.java</file>
        </group>
    </open-files>
</project-private>
